{
    "ConfigVersion": 26,
    "ID": 5902,
    "ObjectiveType": 6,
    "ObjectiveText": "Найдите Схрон",
    "TimeLimit": -1,
    "Active": 1,
    "ShowDistance": 0,
    "ContainerName": "ExpansionQuestSeaChest",
    "DigInStash": 0,
    "MarkerName": "Схрон",
    "MarkerVisibility": 4,
    "Positions": [
        [
            5428.0498046875,
            229.24200744628907,
            2935.169921875
        ],
        [
            8219.419921875,
            237.35499877929688,
            1244.2900390625
        ],
        [
            13780.400390625,
            453.24400634765627,
            5336.85986328125
        ],
        [
            12582.5,
            350.37498779296877,
            7997.35009765625
        ],
        [
            5233.669921875,
            230.52699584960938,
            10242.080078125
        ],
        [
            3108.639892578125,
            305.8059875488281,
            12943.7998046875
        ],
        [
            11877.7998046875,
            421.37498779296877,
            11476.5
        ],
        [
            4944.919921875,
            222.38499755859376,
            6348.27978515625
        ],
        [
            6014.0400390625,
            195.81700439453126,
            757.85400390625
        ],
        [
            13086.7001953125,
            543.2180053710938,
            10287.400390625
        ]
    ],
    "Loot": [
        {
            "Name": "Rangefinder",
            "Attachments": [
                "Battery9V"
            ],
            "Chance": 0.23000000417232514,
            "QuantityPercent": -1,
            "Max": -1,
            "Min": 0,
            "Variants": []
        },
        {
            "Name": "Deagle_gold",
            "Attachments": [
                "mag_deagle_9rnd"
            ],
            "Chance": 0.15000000596046449,
            "QuantityPercent": -1,
            "Max": -1,
            "Min": 0,
            "Variants": []
        },
        {
            "Name": "Engraved1911",
            "Attachments": [
                "mag_1911_7rnd"
            ],
            "Chance": 0.15000000596046449,
            "QuantityPercent": -1,
            "Max": -1,
            "Min": 0,
            "Variants": []
        },
        {
            "Name": "Scout",
            "Attachments": [
                "mag_scout_5rnd"
            ],
            "Chance": 0.15000000596046449,
            "QuantityPercent": -1,
            "Max": -1,
            "Min": 0,
            "Variants": []
        },
        {
            "Name": "ASVAL",
            "Attachments": [
                "mag_val_20rnd"
            ],
            "Chance": 0.15000000596046449,
            "QuantityPercent": -1,
            "Max": -1,
            "Min": 0,
            "Variants": []
        },
        {
            "Name": "Saiga",
            "Attachments": [
                "Mag_Saiga_Drum20Rnd"
            ],
            "Chance": 0.15000000596046449,
            "QuantityPercent": -1,
            "Max": -1,
            "Min": 0,
            "Variants": []
        },
        {
            "Name": "VSS",
            "Attachments": [
                "mag_vss_10rnd"
            ],
            "Chance": 0.15000000596046449,
            "QuantityPercent": -1,
            "Max": -1,
            "Min": 0,
            "Variants": []
        },
        {
            "Name": "WeaponCleaningKit",
            "Attachments": [],
            "Chance": 0.5,
            "QuantityPercent": -1,
            "Max": -1,
            "Min": 0,
            "Variants": []
        },
        {
            "Name": "BatteryCharger",
            "Attachments": [],
            "Chance": 0.5,
            "QuantityPercent": -1,
            "Max": -1,
            "Min": 0,
            "Variants": []
        },
        {
            "Name": "VitaminBottle",
            "Attachments": [],
            "Chance": 0.75,
            "QuantityPercent": -1,
            "Max": -1,
            "Min": 0,
            "Variants": []
        },
        {
            "Name": "AliceBag_Green",
            "Attachments": [],
            "Chance": 0.4000000059604645,
            "QuantityPercent": -1,
            "Max": -1,
            "Min": 0,
            "Variants": []
        },
        {
            "Name": "ExpansionGPS",
            "Attachments": [],
            "Chance": 0.8999999761581421,
            "QuantityPercent": -1,
            "Max": -1,
            "Min": 0,
            "Variants": []
        },
        {
            "Name": "NVGoggles",
            "Attachments": [],
            "Chance": 0.30000001192092898,
            "QuantityPercent": -1,
            "Max": -1,
            "Min": 0,
            "Variants": []
        },
        {
            "Name": "CarTent",
            "Attachments": [],
            "Chance": 0.25,
            "QuantityPercent": -1,
            "Max": -1,
            "Min": 0,
            "Variants": []
        },
        {
            "Name": "ExpansionSafeMini",
            "Attachments": [],
            "Chance": 0.25,
            "QuantityPercent": -1,
            "Max": -1,
            "Min": 0,
            "Variants": []
        },
        {
            "Name": "Expansion_AWM",
            "Attachments": [
                "Mag_Expansion_AWM_5Rnd"
            ],
            "Chance": 0.10000000149011612,
            "QuantityPercent": -1,
            "Max": -1,
            "Min": 0,
            "Variants": []
        }
    ],
    "LootItemsAmount": 10,
    "MaxDistance": 10.0
}