{
    "ConfigVersion": 27,
    "ID": 5902,
    "ObjectiveType": 6,
    "ObjectiveText": "Найдите Схрон",
    "TimeLimit": -1,
    "Active": 1,
    "ShowDistance": 0,
    "ContainerName": "ExpansionQuestSeaChest",
    "DigInStash": 0,
    "MarkerName": "Схрон",
    "MarkerVisibility": 4,
    "Positions": [
        [
            5428.0498046875,
            229.24200439453126,
            2935.169921875
        ],
        [
            8219.419921875,
            237.35499572753907,
            1244.2900390625
        ],
        [
            13780.400390625,
            453.2440185546875,
            5336.85986328125
        ],
        [
            12582.5,
            350.375,
            7997.35009765625
        ],
        [
            5233.669921875,
            230.52699279785157,
            10242.080078125
        ],
        [
            3108.639892578125,
            305.8059997558594,
            12943.7998046875
        ],
        [
            11877.7998046875,
            421.375,
            11476.5
        ],
        [
            4944.919921875,
            222.38499450683595,
            6348.27978515625
        ],
        [
            6014.0400390625,
            195.81700134277345,
            757.85400390625
        ],
        [
            13086.7001953125,
            543.218017578125,
            10287.400390625
        ]
    ],
    "LootItemsAmount": 10,
    "MaxDistance": 10.0,
    "Loot": [
        {
            "Name": "Rangefinder",
            "Chance": 0.23000000417232514,
            "Attachments": [
                {
                    "Name": "Battery9V",
                    "Chance": 1.0,
                    "Attachments": []
                }
            ],
            "QuantityPercent": -1,
            "Max": -1,
            "Min": 0,
            "Variants": []
        },
        {
            "Name": "Deagle_gold",
            "Chance": 0.15000000596046449,
            "Attachments": [
                {
                    "Name": "mag_deagle_9rnd",
                    "Chance": 1.0,
                    "Attachments": []
                }
            ],
            "QuantityPercent": -1,
            "Max": -1,
            "Min": 0,
            "Variants": []
        },
        {
            "Name": "Engraved1911",
            "Chance": 0.15000000596046449,
            "Attachments": [
                {
                    "Name": "mag_1911_7rnd",
                    "Chance": 1.0,
                    "Attachments": []
                }
            ],
            "QuantityPercent": -1,
            "Max": -1,
            "Min": 0,
            "Variants": []
        },
        {
            "Name": "Scout",
            "Chance": 0.15000000596046449,
            "Attachments": [
                {
                    "Name": "mag_scout_5rnd",
                    "Chance": 1.0,
                    "Attachments": []
                }
            ],
            "QuantityPercent": -1,
            "Max": -1,
            "Min": 0,
            "Variants": []
        },
        {
            "Name": "ASVAL",
            "Chance": 0.15000000596046449,
            "Attachments": [
                {
                    "Name": "mag_val_20rnd",
                    "Chance": 1.0,
                    "Attachments": []
                }
            ],
            "QuantityPercent": -1,
            "Max": -1,
            "Min": 0,
            "Variants": []
        },
        {
            "Name": "Saiga",
            "Chance": 0.15000000596046449,
            "Attachments": [
                {
                    "Name": "Mag_Saiga_Drum20Rnd",
                    "Chance": 1.0,
                    "Attachments": []
                }
            ],
            "QuantityPercent": -1,
            "Max": -1,
            "Min": 0,
            "Variants": []
        },
        {
            "Name": "VSS",
            "Chance": 0.15000000596046449,
            "Attachments": [
                {
                    "Name": "mag_vss_10rnd",
                    "Chance": 1.0,
                    "Attachments": []
                }
            ],
            "QuantityPercent": -1,
            "Max": -1,
            "Min": 0,
            "Variants": []
        },
        {
            "Name": "WeaponCleaningKit",
            "Chance": 0.5,
            "Attachments": [],
            "QuantityPercent": -1,
            "Max": -1,
            "Min": 0,
            "Variants": []
        },
        {
            "Name": "BatteryCharger",
            "Chance": 0.5,
            "Attachments": [],
            "QuantityPercent": -1,
            "Max": -1,
            "Min": 0,
            "Variants": []
        },
        {
            "Name": "VitaminBottle",
            "Chance": 0.75,
            "Attachments": [],
            "QuantityPercent": -1,
            "Max": -1,
            "Min": 0,
            "Variants": []
        },
        {
            "Name": "AliceBag_Green",
            "Chance": 0.4000000059604645,
            "Attachments": [],
            "QuantityPercent": -1,
            "Max": -1,
            "Min": 0,
            "Variants": []
        },
        {
            "Name": "ExpansionGPS",
            "Chance": 0.8999999761581421,
            "Attachments": [],
            "QuantityPercent": -1,
            "Max": -1,
            "Min": 0,
            "Variants": []
        },
        {
            "Name": "NVGoggles",
            "Chance": 0.30000001192092898,
            "Attachments": [],
            "QuantityPercent": -1,
            "Max": -1,
            "Min": 0,
            "Variants": []
        },
        {
            "Name": "CarTent",
            "Chance": 0.25,
            "Attachments": [],
            "QuantityPercent": -1,
            "Max": -1,
            "Min": 0,
            "Variants": []
        },
        {
            "Name": "ExpansionSafeMini",
            "Chance": 0.25,
            "Attachments": [],
            "QuantityPercent": -1,
            "Max": -1,
            "Min": 0,
            "Variants": []
        },
        {
            "Name": "Expansion_AWM",
            "Chance": 0.10000000149011612,
            "Attachments": [
                {
                    "Name": "Mag_Expansion_AWM_5Rnd",
                    "Chance": 1.0,
                    "Attachments": []
                }
            ],
            "QuantityPercent": -1,
            "Max": -1,
            "Min": 0,
            "Variants": []
        }
    ]
}