{
	"m_Version": 11,
	"Enabled": 1,
	"FrameRateCheckSafeZoneInMs": 250,
	"CircleZones": [
		{
			"Center": [
				3107.679931640625,
				305.1059875488281,
				12943.7001953125
			],
			"Radius": 50.0
		},
		{
			"Center": [
				15244.900390625,
				515.18701171875,
				2807.10009765625
			],
			"Radius": 80.0
		},
		{
			"Center": [
				10520.400390625,
				499.7449951171875,
				11322.099609375
			],
			"Radius": 70.0
		},
		{
			"Center": [
				4360.3701171875,
				190.0279998779297,
				222.8470001220703
			],
			"Radius": 75.0
		}
	],
	"PolygonZones": [
		[
			5737.21, 282.568, 8030.07
        ],
        [
			5844.71, 287.148, 8018
        ],
        [
			6001.2, 304.801, 8189.52
        ],
        [
			5973.1, 301.552, 8268.5
        ]
	],
	"CylinderZones": [],
	"ActorsPerTick": 5,
	"DisablePlayerCollision": 1,
	"DisableVehicleDamageInSafeZone": 1,
	"EnableForceSZCleanup": 1,
	"ItemLifetimeInSafeZone": 900.0,
	"EnableForceSZCleanupVehicles": 0,
	"VehicleLifetimeInSafeZone": 3888000,
	"ForceSZCleanup_ExcludedItems": [
		"CarScript",
		"CarCoverBase",
		"Expansion_Generic_Vehicle_Cover",
		"ExpansionGarageVehicle",
		"CivilianSedan_Cover",
		"Hatchback_02_Cover",
		"OffroadHatchback_Cover",
		"Offroad_02_Cover",
		"Sedan_02_Cover",
		"Truck_01_Covered_Cover",
		"ExpansionBus_Cover",
		"Expansion_LandRover_Cover",
		"Truck_01_Covered_Cover",
		"ExpansionMerlin_Cover",
		"ExpansionMh6_Cover",
		"ExpansionUh1h_Cover"
	]
}