{
    "m_Version": 7,
    "SpawnLocations": [
        {
            "Name": "Biskupice",
            "Positions": [
                [
                    5417.7412109375,
                    193.06744384765626,
                    496.7571105957031
                ],
                [
                    4844.7412109375,
                    192.901123046875,
                    264.2078552246094
                ],
                [
                    5171.12890625,
                    200.18545532226563,
                    131.65122985839845
                ],
                [
                    4631.912109375,
                    189.5695343017578,
                    258.21246337890627
                ]
            ],
            "UseCooldown": 1
        },
        {
            "Name": "Velk DrzKovce",
            "Positions": [
                [
                    461.852294921875,
                    232.02911376953126,
                    2530.1953125
                ],
                [
                    317.4231262207031,
                    230.2831268310547,
                    2739.491943359375
                ],
                [
                    85.10482025146485,
                    231.41717529296876,
                    2825.7216796875
                ],
                [
                    165.49122619628907,
                    224.92474365234376,
                    2974.294921875
                ]
            ],
            "UseCooldown": 1
        },
        {
            "Name": "Dvorec",
            "Positions": [
                [
                    3744.0322265625,
                    203.37290954589845,
                    370.7412414550781
                ],
                [
                    3253.06201171875,
                    207.3645477294922,
                    394.4502258300781
                ],
                [
                    3549.062255859375,
                    214.1282501220703,
                    298.71453857421877
                ],
                [
                    2797.79248046875,
                    200.21934509277345,
                    492.4552307128906
                ]
            ],
            "UseCooldown": 1
        },
        {
            "Name": "Sliezska Osada",
            "Positions": [
                [
                    2284.441162109375,
                    208.3271942138672,
                    1672.1002197265626
                ],
                [
                    2097.751708984375,
                    212.30728149414063,
                    2055.9091796875
                ],
                [
                    1642.5701904296876,
                    217.2001953125,
                    2410.49072265625
                ]
            ],
            "UseCooldown": 1
        },
        {
            "Name": "Miezgovce",
            "Positions": [
                [
                    10131.005859375,
                    246.2684326171875,
                    1540.8729248046876
                ],
                [
                    9807.65234375,
                    242.4712371826172,
                    1548.7127685546876
                ],
                [
                    9461.865234375,
                    235.76548767089845,
                    1518.161865234375
                ],
                [
                    9158.0615234375,
                    238.03208923339845,
                    1466.6810302734376
                ]
            ],
            "UseCooldown": 1
        },
        {
            "Name": "Latkovce",
            "Positions": [
                [
                    12962.509765625,
                    300.33154296875,
                    289.41485595703127
                ],
                [
                    12854.291015625,
                    312.7880554199219,
                    415.3460998535156
                ],
                [
                    13184.400390625,
                    292.2508850097656,
                    520.9992065429688
                ]
            ],
            "UseCooldown": 1
        }
    ],
    "StartingClothing": {
        "EnableCustomClothing": 1,
        "SetRandomHealth": 1,
        "Headgear": [],
        "Glasses": [],
        "Masks": [],
        "Tops": [
            "TShirt_Green",
            "TShirt_Blue",
            "TShirt_Black",
            "TShirt_Beige",
            "TShirt_Red",
            "TShirt_OrangeWhiteStripes",
            "TShirt_White",
            "TShirt_Red",
            "TShirt_Grey",
            "TShirt_RedBlackStripes"
        ],
        "Vests": [],
        "Gloves": [],
        "Pants": [
            "CanvasPants_Beige",
            "CanvasPants_Blue",
            "CanvasPants_Grey",
            "CanvasPants_Red",
            "CanvasPants_Violet",
            "CanvasPantsMidi_Beige",
            "CanvasPantsMidi_Blue",
            "CanvasPantsMidi_Grey",
            "CanvasPantsMidi_Red",
            "CanvasPantsMidi_Violet"
        ],
        "Belts": [],
        "Shoes": [
            "AthleticShoes_Blue",
            "AthleticShoes_Grey",
            "AthleticShoes_Brown",
            "AthleticShoes_Green",
            "AthleticShoes_Black"
        ],
        "Armbands": [],
        "Backpacks": [
            "TaloonBag_Blue",
            "TaloonBag_Green",
            "TaloonBag_Orange",
            "TaloonBag_Violet"
        ]
    },
    "EnableSpawnSelection": 0,
    "SpawnOnTerritory": 0,
    "StartingGear": {
        "EnableStartingGear": 1,
        "ApplyEnergySources": 1,
        "SetRandomHealth": 1,
        "UpperGear": [
            {
                "ClassName": "Rag",
                "Quantity": 4,
                "Attachments": []
            },
            {
                "ClassName": "Apple",
                "Quantity": -1,
                "Attachments": []
            }
        ],
        "PantsGear": [],
        "BackpackGear": [],
        "VestGear": [],
        "PrimaryWeapon": {},
        "SecondaryWeapon": {}
    },
    "UseLoadouts": 0,
    "MaleLoadouts": [
        {
            "Loadout": "PlayerSurvivorLoadout",
            "Chance": 1.0
        }
    ],
    "FemaleLoadouts": [
        {
            "Loadout": "PlayerSurvivorLoadout",
            "Chance": 1.0
        }
    ],
    "SpawnHealthValue": 100.0,
    "SpawnEnergyValue": 500.0,
    "SpawnWaterValue": 500.0,
    "EnableRespawnCooldowns": 1,
    "RespawnCooldown": 120,
    "TerritoryRespawnCooldown": 240,
    "PunishMultispawn": 1,
    "PunishCooldown": 120,
    "PunishTimeframe": 300,
    "CreateDeathMarker": 1,
    "BackgroundImagePath": "DayZExpansion/SpawnSelection/GUI/textures/wood_background.edds"
}