{
    "m_Version": 7,
    "SpawnLocations": [
        {
            "Name": "Biskupice",
            "Positions": [
                [
                    5417.7412109375,
                    193.06744384765626,
                    496.7571105957031
                ],
                [
                    4844.7412109375,
                    192.901123046875,
                    264.2078552246094
                ],
                [
                    5171.12890625,
                    200.18545532226563,
                    131.65122985839845
                ],
                [
                    4631.912109375,
                    189.5695343017578,
                    258.21246337890627
                ]
            ],
            "UseCooldown": 1
        },
        {
            "Name": "Velk DrzKovce",
            "Positions": [
                [
                    461.852294921875,
                    232.02911376953126,
                    2530.1953125
                ],
                [
                    317.4231262207031,
                    230.2831268310547,
                    2739.491943359375
                ],
                [
                    85.10482025146485,
                    231.41717529296876,
                    2825.7216796875
                ],
                [
                    165.49122619628907,
                    224.92474365234376,
                    2974.294921875
                ]
            ],
            "UseCooldown": 1
        },
        {
            "Name": "Dvorec",
            "Positions": [
                [
                    3744.0322265625,
                    203.37290954589845,
                    370.7412414550781
                ],
                [
                    3253.06201171875,
                    207.3645477294922,
                    394.4502258300781
                ],
                [
                    3549.062255859375,
                    214.1282501220703,
                    298.71453857421877
                ],
                [
                    2797.79248046875,
                    200.21934509277345,
                    492.4552307128906
                ]
            ],
            "UseCooldown": 1
        },
        {
            "Name": "Sliezska Osada",
            "Positions": [
                [
                    2284.441162109375,
                    208.3271942138672,
                    1672.1002197265626
                ],
                [
                    2097.751708984375,
                    212.30728149414063,
                    2055.9091796875
                ],
                [
                    1642.5701904296876,
                    217.2001953125,
                    2410.49072265625
                ]
            ],
            "UseCooldown": 1
        },
        {
            "Name": "Miezgovce",
            "Positions": [
                [
                    10131.005859375,
                    246.2684326171875,
                    1540.8729248046876
                ],
                [
                    9807.65234375,
                    242.4712371826172,
                    1548.7127685546876
                ],
                [
                    9461.865234375,
                    235.76548767089845,
                    1518.161865234375
                ],
                [
                    9158.0615234375,
                    238.03208923339845,
                    1466.6810302734376
                ]
            ],
            "UseCooldown": 1
        },
        {
            "Name": "Latkovce",
            "Positions": [
                [
                    12962.509765625,
                    300.33154296875,
                    289.41485595703127
                ],
                [
                    12854.291015625,
                    312.7880554199219,
                    415.3460998535156
                ],
                [
                    13184.400390625,
                    292.2508850097656,
                    520.9992065429688
                ]
            ],
            "UseCooldown": 1
        },
		{
            "Name": "Motesice",
            "Positions": [
                [
                    403.317,
                    273.507,
                    13156.235
                ],
                [
                    1416.260,
                    284.781,
                    13901.452
                ],
                [
                    807.867,
                    254.012,
                    12207.901
                ]
            ],
            "UseCooldown": 1
        },
		{
            "Name": "Krasna Ves",
            "Positions": [
                [
                    4595.983,
                    303.808,
                    14848.414
                ],
                [
                    3215.814,
                    310.944,
                    14469.246
                ],
				[
                    4875.785,
                    275.622,
                    14308.177
                ],
                [
                    3475.047,
                    268.256,
                    13047.753
                ]
            ],
            "UseCooldown": 1
        },
		{
            "Name": "Hvozdy",
            "Positions": [
                [
                    7671.099,
                    314.774,
                    14726.112
                ],
                [
                    7348.355,
                    433.888,
                    12675.446
                ],
				[
                    7912.891,
                    325.336,
                    13366.888
                ]
            ],
            "UseCooldown": 1
        },
		{
            "Name": "Trebichava",
            "Positions": [
                [
                    9536.684,
                    370.909,
                    12776.215
                ],
                [
                    8521.165,
                    494.396,
                    11798.146
                ],
				[
                    9266.266,
                    522.195,
                    11152.222
                ]
            ],
            "UseCooldown": 1
        },
		{
            "Name": "Zavada pod Ciernym vrchom",
            "Positions": [
                [
                    12493.511,
                    413.923,
                    13289.812
                ],
                [
                    13220.292,
                    472.185,
                    13727.155
                ],
				[
                    13565.577,
                    408.377,
                    11857.918
                ],
				[
                    13992.442,
                    466.123,
                    12246.119
                ]
            ],
            "UseCooldown": 1
        },
		{
            "Name": "Ksinna",
            "Positions": [
                [
                    12704.683,
                    410.452,
                    11889.226
                ],
                [
                    10945.337,
                    428.873,
                    10598.888
                ],
				[
                    12781.012,
                    345.863,
                    9548.051
                ]
            ],
            "UseCooldown": 1
        },
		{
            "Name": "Zitna Radisa",
            "Positions": [
                [
                    12532.214,
                    321.306,
                    7934.921
                ],
                [
                    12873.192,
                    293.211,
                    7381.138
                ],
				[
                    10882.192,
                    347.673,
                    6337.212
                ],
				[
                    13775.701,
                    304.073,
                    6555.539
                ]
            ],
            "UseCooldown": 1
        },
		{
            "Name": "Omastina",