{
    "MinHordeSize": 40,
    "MaxHordeSize": 170,
    "MaxActiveHordes": 12,
    "EnableLogging": 1,
    "AllowZombieLoot": 1,
    "zh_SpawnPoints": [
        [
            1269.535888671875,
            0.0,
            2388.087646484375
        ],
        [
            1271.64306640625,
            0.0,
            2388.531005859375
        ],
        [
            1353.6328125,
            0.0,
            2387.267578125
        ],
        [
            1743.277099609375,
            0.0,
            2198.031005859375
        ],
        [
            2190.92431640625,
            0.0,
            2266.259765625
        ],
        [
            2534.73974609375,
            0.0,
            2029.1217041015626
        ],
        [
            2763.101806640625,
            0.0,
            2013.572998046875
        ],
        [
            3388.05517578125,
            0.0,
            2360.324462890625
        ],
        [
            3908.96337890625,
            0.0,
            2617.30224609375
        ],
        [
            4565.861328125,
            0.0,
            2435.2255859375
        ],
        [
            5210.35595703125,
            0.0,
            2106.90185546875
        ],
        [
            5809.27099609375,
            0.0,
            2160.2216796875
        ],
        [
            5919.06689453125,
            0.0,
            2217.538330078125
        ],
        [
            5954.15087890625,
            0.0,
            2222.45361328125
        ],
        [
            6222.90087890625,
            0.0,
            2402.954833984375
        ],
        [
            6313.5498046875,
            0.0,
            2718.270263671875
        ],
        [
            6366.17333984375,
            0.0,
            2887.028564453125
        ],
        [
            6498.92333984375,
            0.0,
            2883.078125
        ],
        [
            6615.1474609375,
            0.0,
            3129.47265625
        ],
        [
            6928.70556640625,
            0.0,
            3088.376708984375
        ],
        [
            7444.4091796875,
            0.0,
            3171.276611328125
        ],
        [
            8263.6181640625,
            0.0,
            3067.7080078125
        ],
        [
            8339.759765625,
            0.0,
            3025.642578125
        ],
        [
            8611.6123046875,
            0.0,
            2625.251953125
        ],
        [
            9017.748046875,
            0.0,
            2148.001220703125
        ],
        [
            9892.673828125,
            0.0,
            2037.8553466796876
        ],
        [
            10378.37890625,
            0.0,
            2202.243408203125
        ],
        [
            10545.8291015625,
            0.0,
            2371.93017578125
        ],
        [
            10865.400390625,
            0.0,
            2691.675537109375
        ],
        [
            11459.26953125,
            0.0,
            3357.9052734375
        ],
        [
            12428.873046875,
            0.0,
            3539.0400390625
        ],
        [
            13274.3828125,
            0.0,
            4020.886474609375
        ],
        [
            13465.005859375,
            0.0,
            4935.7275390625
        ],
        [
            13415.080078125,
            0.0,
            5917.52001953125
        ],
        [
            13334.525390625,
            0.0,
            6845.1650390625
        ],
        [
            13147.4404296875,
            0.0,
            7263.79052734375
        ],
        [
            13051.4140625,
            0.0,
            7711.67529296875
        ],
        [
            12865.7265625,
            0.0,
            8656.0380859375
        ],
        [
            12920.5302734375,
            0.0,
            9586.169921875
        ],
        [
            13134.1689453125,
            0.0,
            10442.763671875
        ],
        [
            13512.2255859375,
            0.0,
            11253.3984375
        ],
        [
            13574.9462890625,
            0.0,
            11456.662109375
        ],
        [
            13613.7216796875,
            0.0,
            11500.36328125
        ],
        [
            13616.0,
            0.0,
            11502.80859375
        ],
        [
            13652.38671875,
            0.0,
            11584.0029296875
        ],
        [
            13934.6884765625,
            0.0,
            11908.412109375
        ],
        [
            14165.3056640625,
            0.0,
            12243.49609375
        ],
        [
            14004.01953125,
            0.0,
            12310.365234375
        ],
        [
            14027.2294921875,
            0.0,
            12549.251953125
        ],
        [
            14157.41796875,
            0.0,
            13040.1416015625
        ],
        [
            13857.2880859375,
            0.0,
            13226.9052734375
        ],
        [
            13569.9287109375,
            0.0,
            13359.583984375
        ],
        [
            13471.4072265625,
            0.0,
            13411.3388671875
        ],
        [
            13296.556640625,
            0.0,
            13677.9619140625
        ],
        [
            13083.0634765625,
            0.0,
            13762.1298828125
        ],
        [
            12895.6533203125,
            0.0,
            13904.4296875
        ],
        [
            12507.5537109375,
            0.0,
            13831.5322265625
        ],
        [
            12259.3876953125,
            0.0,
            13813.58203125
        ],
        [
            12257.6201171875,
            0.0,
            13811.37109375
        ],
        [
            11852.5439453125,
            0.0,
            13895.3828125
        ],
        [
            11542.8017578125,
            0.0,
            14078.9306640625
        ],
        [
            11595.728515625,
            0.0,
            14277.8046875
        ],
        [
            11551.21875,
            0.0,
            14290.732421875
        ],
        [
            10904.294921875,
            0.0,
            14300.373046875
        ],
        [
            10321.3486328125,
            0.0,
            14142.9384765625
        ],
        [
            9674.3916015625,
            0.0,
            13801.2568359375
        ],
        [
            9214.45703125,
            0.0,
            13422.6103515625
        ],
        [
            8826.94140625,
            0.0,
            12933.037109375
        ],
        [
            8325.9326171875,
            0.0,
            12754.9208984375
        ],
        [
            8007.4140625,
            0.0,
            12704.48046875
        ],
        [
            7613.3173828125,
            0.0,
            12613.234375
        ],
        [
            7337.74560546875,
            0.0,
            12674.3720703125
        ],
        [
            6994.611328125,
            0.0,
            12674.248046875
        ],
        [
            6572.97705078125,
            0.0,
            12698.1708984375
        ],
        [
            6260.22314453125,
            0.0,
            12694.3662109375
        ],
        [
            5608.44140625,
            0.0,
            12590.1396484375
        ],
        [
            5074.220703125,
            0.0,
            12826.703125
        ],
        [
            4457.21044921875,
            0.0,
            13071.1806640625
        ],
        [
            3892.372314453125,
            0.0,
            13122.87109375
        ],
        [
            3647.21337890625,
            0.0,
            13080.541015625
        ],
        [
            3494.623291015625,
            0.0,
            13015.919921875
        ],
        [
            3039.75,
            0.0,
            12581.4462890625
        ]
    ],