{
    "m_Version": 6,
    "m_DisplayName": "Коллекционер",
    "Position": [
        3107.800048828125,
        305.1059875488281,
        12943.7998046875
    ],
    "Radius": 75.0,
    "BuyPricePercent": 100.0,
    "SellPricePercent": 100.0,
    "Stock": {}
}