{
    "m_Version": 6,
    "m_DisplayName": "Торговая зона",
    "Position": [
        5904.990234375,
        300.0690002441406,
        8167.85986328125
    ],
    "Radius": 15000.0,
    "BuyPricePercent": 100.0,
    "SellPricePercent": 33.0,
    "Stock": {
    }
}