{
    "m_Version": 6,
    "m_DisplayName": "Нелегал",
    "Position": [
        4360.3701171875,
        190.0279998779297,
        222.8470001220703
    ],
    "Radius": 75.0,
    "BuyPricePercent": 100.0,
    "SellPricePercent": 100.0,
    "Stock": {}